problem,domain_a,domain_b,method,alpha,pss,ad,raw_ad,coherence,verdict_a,verdict_b,tool,novel,text
Why does sleep deprivation paradoxically improve d,neuroscience,information theory,response_level,,0.14616144392407487,0.4330709449602218,0.1650392711162567,0.3375,GENUINE_INSIGHT,STRUCTURAL_ISOMORPHISM,True,False,"- Information theory concepts like entropy, mutual information, and channel capacity applied to neural communication.
- Sleep deprivation enhancing channel capacity in neural networks.
- Sleep deprivation reducing entropy in the neural network.
- Sleep deprivation acting as a form of ""noise reduction"" in the brain.
- Enhanced mutual information leading to better communication between brain regions.
- Reduced inflammation due to sleep deprivation.
- Improved neuroplasticity and cognitive function due to sleep deprivation.
- Stress hormone levels being elevated by sleep deprivation."
Why does sleep deprivation paradoxically improve d,neuroscience,information theory,token_level,0.0,0.34844310818587754,0.8934438671432757,0.34048306941986084,0.39,STRUCTURAL_REVELATION,GENUINE_INSIGHT,True,True,"To understand why sleep deprivation paradoxically improves depression, we can draw a deep structural connection between neuroscience and information theory. By examining the underlying biological processes and information flow in the brain, we can identify how sleep deprivation impacts neural functioning and cognitive processing, leading to an apparent improvement in depressive symptoms.

### 1. **Neurotransmitter Systems and Sleep**
   - **Arousal and Sleep-Wake Cycle:** The sleep-wake cycle is regulated by a complex interplay of neurotransmitters such as serotonin, norepinephrine, and GABA. Sleep deprivation disrupts the balance of these neurotransmitters, which are crucial for mood regulation.
   - **Hypocretin/Orexin:** Hypocretin/orexin is a key neurotransmitter involved in the regulation of sleep-wake cycles and arousal. Sleep deprivation can reduce hypocretin levels, leading to increased wakefulness and reduced sleep duration. This imbalance can contribute to mood disorders, including depression.

### 2. **Information Processing and Cognitive Function**
   - **Working Memory and Executive Function:** Sleep plays a critical role in consolidating memories and processing information. Sleep deprivation can impair working memory, attention, and executive function, which are all essential for coping with stress and cognitive tasks. These impairments can exacerbate depressive symptoms.
   - **Stress and Cortisol Levels:** Sleep deprivation can lead to elevated cortisol levels, a stress hormone that can negatively affect mood and cognitive function. Conversely, adequate sleep can reduce cortisol levels and promote a more stable mood.

### 3. **Information Theory in Neural Dynamics**
   - **Entropy and Information Flow:** Information theory provides a framework for understanding the flow and processing of information in the brain. Sleep can be seen as a state that allows the brain to reset its information processing and reduce entropy. This is analogous to a communication system that needs regular ""reset"" to operate optimally.
   - **Noise Reduction and Signal Processing:** In information theory, noise (random variations) can corrupt the signal. Sleep deprivation can increase neural noise, leading to a more chaotic and less coherent processing of information. Adequate sleep can act as a ""noise reduction"" mechanism, allowing the brain to process information more efficiently and effectively.

### 4. **Mathematical Equivalences and Isomorphisms**
   - **Markov Processes:** In neuroscience, the brain can be modeled as a Markov process, where the state transitions depend only on the current state and not on the past states. Sleep deprivation can alter these transitions, leading to a less stable and less efficient information processing.
   - **Rate Coding and Frequency Coding:** Rate coding refers to the use of the frequency of action potentials to represent information. Sleep deprivation can disrupt this frequency coding, leading to a loss of information precision and coherence. Adequate sleep can help restore this coding, improving information processing and cognitive function.
   - **Channel Capacity and Mutual Information:** Information theory concepts such as channel capacity and mutual information"
Why does sleep deprivation paradoxically improve d,neuroscience,information theory,token_level,0.25,0.06728806613197381,0.4893677536870823,0.18649345636367798,0.13749999999999998,GENUINE_INSIGHT,GENUINE_INSIGHT,True,True,"To analyze why sleep deprivation can paradoxically improve depression, we need to explore the connections between neuroscience, information theory, and relevant formal tools. Sleep deprivation and its effects on depression can be understood through the lens of neuroplasticity, homeostatic processes, and information processing within the brain, which can be formally described using concepts from neuroscience and information theory.

### Neuroplasticity and Homeostatic Regulation
**Neuroscience Connection:** In neuroscience, sleep plays a crucial role in neuroplasticity, the brain's ability to change and adapt. Sleep deprivation disrupts normal homeostatic processes in the brain. Homeostasis, a concept from information theory, refers to the maintenance of stable states within a system to prevent the system from being disturbed by changes. In the context of sleep, homeostatic mechanisms ensure that the brain maintains a balance between activation and recovery, which is essential for proper information processing and synaptic plasticity.

**Formal Tool:** Homeostatic regulation can be described using concepts from information theory such as entropy and signal/noise ratio. The brain maintains a stable entropy (a measure of disorder or information) to ensure efficient signal processing. When sleep is deprived, this entropy imbalance can lead to a cascade of homeostatic changes, including the activation of neuroprotective processes and synaptic remodeling that can be interpreted as a form of information processing.

### Information Processing and Cognitive Control
**Neuroscience Connection:** Sleep and its effects on cognitive control can be understood through the lens of information processing. During sleep, the brain engages in consolidation of memories and reduction of noise (interference) from the environment. This can be seen as a form of information processing aimed at optimizing brain performance.

**Formal Tool:** The concept of signal-to-noise ratio (SNR) is crucial in information theory. SNR measures the quality of information being processed. During sleep, the brain reduces the SNR of irrelevant sensory inputs (noise) to enhance the clarity of the signal (relevant information) related to cognitive tasks. Sleep deprivation can disrupt this SNR optimization, leading to a less clear cognitive state that can manifest as a paradoxical improvement in depression symptoms.

### Depression and Cognitive Load
**Neuroscience Connection:** Depression is often characterized by increased cognitive load and impaired cognitive control. Sleep deprivation can reduce the cognitive load, potentially improving symptoms of depression. This can be seen as a form of cognitive respite.

**Formal Tool:** Cognitive load theory in cognitive psychology can be related to information processing in information theory. Cognitive load refers to the resources the brain needs to process information. When cognitive load is high due to sleep deprivation, it can overload the brain, leading to cognitive dysfunction. Reducing cognitive load through sleep can help the brain process information more effectively, which can manifest as an improvement in depression symptoms.

### Summary and Transfer of Problem-Solving Frameworks
In summary, sleep deprivation paradoxically improves depression through the lens of neuroplasticity and homeostatic"
Why does sleep deprivation paradoxically improve d,neuroscience,information theory,token_level,0.5,0.21876469575740076,0.3646078262623346,0.13894861936569214,0.6,STRUCTURAL_REVELATION,GENUINE_INSIGHT,True,True,"To explore the deep structural connection between neuroscience and information theory that illuminates why sleep deprivation can paradoxically improve depression, we can draw parallels and transfer problem-solving frameworks between these fields using specific formal tools.

### Neuroscience Perspective
In neuroscience, depression is often characterized by alterations in brain function and structure, particularly in areas like the prefrontal cortex and hippocampus. These changes are thought to involve disruptions in synaptic plasticity and neurochemical balance (e.g., reduced serotonin, dopamine). Sleep deprivation can lead to significant changes in the brain, such as increased activity in the prefrontal cortex and changes in gene expression and neurotrophin levels (e.g., BDNF) that may promote neural resilience.

### Information Theory Perspective
In information theory, the concept of entropy is central to understanding the disorder and randomness in a system. Claude Shannon's information theory introduces the idea that entropy represents the uncertainty or lack of information about a system. In the context of neuroscience, we can view depression as a state characterized by increased entropy or information disorder in the brain's neural networks and metabolic processes.

Sleep deprivation, on the other hand, can be seen as a method of reducing entropy or disorder. The following formal tools and concepts from information theory can be transferred to neuroscience to elucidate the mechanisms behind this paradoxical effect:

1. **Shannon Entropy**: The reduction in entropy in the brain's neural networks post-deprivation suggests that the disorder and uncertainty in brain function may decrease, potentially leading to improved mood and cognitive function. In depression, high entropy might correspond to high levels of uncertainty and disorder in the brain, which sleep deprivation helps to reduce.
   
2. **Mutual Information and Information Bottleneck (IB) Framework**: The IB framework can be used to understand the relationship between different brain regions. In depression, mutual information between relevant brain regions (e.g., prefrontal cortex and hippocampus) might be reduced, indicating a breakdown in functional connectivity. Sleep deprivation might re-establish this information flow, leading to improved mental states.
   
3. **Markov Models**: In the context of neural networks, sleep deprivation can be modeled as a Markov chain that transitions between different states (e.g., a state of high entropy/uncertainty vs. a state of lower entropy/resilience). By understanding how the transition probabilities change, we can gain insights into the mechanisms underlying the improved mood observed in depression patients post-sleep deprivation.
   
4. **Channel Capacity and Noise Reduction**: Information capacity in the brain's neural channels can be improved by sleep deprivation, reducing the amount of ""noise"" (disordered or random signals) in the system. This reduction in noise can enhance the overall clarity and efficiency of neural communication, leading to more coherent brain function.

### Structured Synthesis
By using the formal tools and concepts from information theory, we can develop a more structured understanding of how sleep deprivation can improve depression:
- **Initial State**: Depression corresponds to a state of high entropy/"
Why does sleep deprivation paradoxically improve d,neuroscience,information theory,token_level,0.75,0.186520138490761,0.4144891966461356,0.15795794129371643,0.44999999999999996,STRUCTURAL_REVELATION,GENUINE_INSIGHT,True,True,"To analyze why sleep deprivation paradoxically improves depression, we need to synthesize concepts from neuroscience and information theory. We can use mathematical tools and formal isomorphisms between these fields to illuminate this phenomenon.

### Neuroscientific Context: Sleep and Depression
From neuroscience, we understand that sleep is crucial for cognitive and emotional function, and it is closely tied to the regulation of mood and emotional regulation. Sleep deprivation has been shown to improve certain depressive symptoms. The brain's neuroplasticity, which involves the reorganization of neural pathways and synaptic strength, plays a significant role in this phenomenon.

Sleep deprivation leads to a state of cognitive dissonance where the brain experiences an imbalance of neural activity that can lead to a temporary ""reset"" of maladaptive neural networks involved in depression. This ""reset"" allows for reorganization of neural pathways, potentially leading to more optimal patterns of brain activity and improved mood.

### Information Theory Context
From information theory, we can view sleep deprivation as a method of reducing the noise in the system of the brain's information processing. Information theory, formulated by Claude Shannon, quantifies the amount of information in a message and the amount of information that can be reliably transmitted in a channel.

### Deep Structural Connection
We can transfer problem-solving frameworks using **entropy** and **channel capacity** concepts from information theory to neuroscience.

#### Entropy
- **Neuroscience**: The brain's entropy can be viewed as the variability or disorder in the brain's neural activity. Sleep deprivation reduces the entropy of brain activity.
- **Information Theory**: Entropy in information theory quantifies the uncertainty or unpredictability in a message or signal. By reducing brain entropy, sleep deprivation may help reduce the unpredictability or variability of brain activity.

#### Channel Capacity
- **Neuroscience**: The channel capacity of the brain can be thought of as its ability to transmit information effectively. Sleep deprivation increases the brain's channel capacity, allowing it to transmit and process information more efficiently.
- **Information Theory**: Channel capacity in information theory quantifies how much information can be transmitted reliably through a noisy channel. Increasing the brain's channel capacity post-deprivation allows for better information processing, potentially alleviating depression symptoms.

### Mathematical Equivalences and Formal Isomorphisms
1. **Entropy and Channel Capacity Relationship**:
   - **Information Theory**: High entropy typically means low channel capacity.
   - **Neuroscience**: High entropy in neural activity typically correlates with depression symptoms.
   - **Transfer Tool**: We can use the concept of channel capacity to explain why reducing entropy (i.e., sleep deprivation) improves depression symptoms. This aligns with information theory's idea that increasing the channel capacity can improve information transmission efficiency, analogous to improving the brain's ability to process information effectively.

2. **Self-Organization and Homeostasis**:
   - **Neuroscience**: Sleep deprivation and other forms of brain disruption can trigger self-organizational processes in the brain, which aim to restore home"
Why does sleep deprivation paradoxically improve d,neuroscience,information theory,token_level,1.0,0.27509278557228634,0.8464393402224195,0.3225700855255127,0.325,GENUINE_INSIGHT,STRUCTURAL_REVELATION,True,True,"To analyze why sleep deprivation paradoxically improves depression, we can synthesize concepts from neuroscience and information theory to uncover deep structural connections. Let's focus on key formal tools that transfer between the fields to illuminate the underlying mechanisms.

### Neuroscience Insights
In neuroscience, sleep plays a crucial role in the consolidation and integration of emotional and cognitive information. The limbic system, particularly the amygdala, plays a central role in the regulation of emotions. Chronic sleep deprivation has been linked to increased amygdala activity, which can exacerbate depressive symptoms (see **neurotransmitter balance theory**, **amygdala reactivity model**). 

Consolidation during sleep is important for memory formation, which can help integrate negative emotions. However, when sleep is severely disrupted (e.g., sleep deprivation), there is a disruption in the normal sleep-wake cycles that are critical for these processes (see **homeostatic regulation of sleep**, **homeostatic sleep regulation model**). 

Sleep deprivation can lead to an imbalance in neurotransmitter systems, such as increased norepinephrine and serotonin (see **monoaminergic theory of depression**). This imbalance can disrupt emotional regulation and contribute to depressive symptoms.

### Information Theory Insights
In information theory, the concept of **entropy** can help us understand the information processing capacity and storage. Information entropy is a measure of uncertainty or unpredictability in a system. 

1. **Redundancy and Compression**: Information theory also deals with how information is encoded, stored, and processed. During sleep, the brain likely engages in processes that are analogous to **lossy data compression** and **redundancy reduction**. The brain may reduce redundant information in emotional and cognitive processes to free up processing capacity. Sleep deprivation can then result in an environment where there is less information redundancy and compression, which paradoxically frees up more mental processing resources to handle emotional tasks.

2. **Channel Capacity**: Information theory introduces the concept of channel capacity, which is the maximum amount of information that can be reliably transmitted through a given system. In this context, sleep can be seen as a way to maximize channel capacity in the brain. During sleep, the brain's ""information channel"" might become less saturated with emotional and cognitive information. Therefore, when sleep is disrupted, the brain has to allocate more processing capacity to manage information, leading to increased emotional regulation issues (see **capacity load theory of depression**, **capacity overload hypothesis**).

3. **Entropy Minimization**: From an information theory perspective, minimizing entropy in a system often leads to optimal processing. During normal sleep, the brain's neural activity becomes more homogeneous and less varied, thereby reducing informational entropy and increasing information efficiency (see **homeostasis in sleep**). Sleep deprivation disrupts this process, leading to increased variability and reduced efficiency in information processing. 

### Transferable Formal Tools
- **Entropy and Information Theory Concepts**: Use information theoretic approaches to model the brain's information processing capacity, entropy reduction"
Why does sleep deprivation paradoxically improve d,neuroscience,information theory,token_level,1.5,0.42459854047135437,0.42459854047135437,0.1618105173110962,1.0,STRUCTURAL_ISOMORPHISM,STRUCTURAL_ISOMORPHISM,True,True,"To analyze why sleep deprivation paradoxically improves depression, we can synthesize concepts from neuroscience and information theory to uncover deep structural connections. Let's explore these fields and identify relevant formal tools that transfer problem-solving frameworks.

### Neuroscience Perspective
From the neuroscience lens, depression is associated with imbalances in brain networks, particularly those involving the prefrontal cortex and the hippocampus. Sleep deprivation has been shown to increase activity in these regions. Key neuroscience concepts include:
1. **Homeostasis**: The brain's homeostatic systems, such as sleep homeostasis and the sleep/wake cycle, maintain normal brain function.
2. **Synaptic Plasticity**: Sleep plays a crucial role in synaptic pruning and plasticity, affecting neural connections.

### Information Theory Perspective
From information theory, the brain can be conceptualized as a highly interconnected and information-processing system. Key information theoretic concepts include:
1. **Entropy and Information Gain**: Measures how much information a system contains.
2. **Network Coding and Channel Capacity**: Models the ability of neural networks to encode and transmit information.
3. **Rate-Distortion Theory**: Deals with the balance between information rate and distortion in data transmission, analogous to how the brain balances the quantity and quality of information processing.

### Structural Equivalences and Isomorphisms

#### 1. Homeostatic Regulation
- **Neuroscience**: The sleep/wake homeostatic process maintains balance in neural activity, including synaptic weights.
- **Information Theory**: Rate-Distortion Theory can be analogously used to regulate information processing rates (distortion) in the brain. When information processing capacity (capacity) is increased through sleep, it can ""compress"" (or improve) the neural ""code"" (distortion).

#### 2. Neural Plasticity and Learning
- **Neuroscience**: Sleep-deprivation-induced neural changes lead to enhanced connectivity and plasticity in the prefrontal cortex and hippocampus.
- **Information Theory**: In Rate-Distortion Theory, a similar enhancement of ""processing power"" can result in better encoding (lower distortion) of information. This corresponds to increased synaptic efficacy and neural reconfiguration during sleep.

#### 3. Error Correction
- **Neuroscience**: Sleep improves memory consolidation, potentially acting like a built-in error-correcting code.
- **Information Theory**: In communication systems, redundancy and error-correction techniques are employed. Similarly, the brain's use of redundancy during sleep helps maintain stable representations even if the ""message"" is distorted (i.e., information loss due to sleep).

#### 4. Load Reduction
- **Neuroscience**: Sleep helps reduce cognitive load, which in turn reduces depressive symptoms.
- **Information Theory**: Information-theoretic models like Channel Coding can model load reduction in neural information processing, analogous to how sleep allows the brain to operate at a reduced computational load without impairing performance.

### Transferable Framework
To solve this problem structurally, we can apply"
Why does sleep deprivation paradoxically improve d,neuroscience,information theory,token_level,2.0,0.11003941690800678,0.33858282125540545,0.1290307343006134,0.325,GENUINE_INSIGHT,STRUCTURAL_REVELATION,True,True,"To analyze the deep structural connection between neuroscience and information theory that illuminates the paradoxical effect of sleep deprivation on depression, we can leverage formal tools and frameworks from information theory to model neural information processing and storage in the brain, as well as how disruptions affect this process.

### Formal Tools Transfer:
1. **Entropy**: Information theory uses entropy (H) to measure the unpredictability or disorder of a system. In neuroscience, entropy can be used to describe the information content and activity patterns within the brain.

2. **Channel Capacity**: Information theory discusses the concept of channel capacity (C) as a measure of how efficiently information can be transmitted or processed by a communication system or biological neural system. Sleep deprivation affects channel capacity, affecting how information can be transmitted or stored.

3. **Mutual Information**: Mutual information (I) measures the amount of information one random variable carries about another, capturing how different aspects of brain function (like depression-related symptoms and neural activity patterns) are related. This can be useful for understanding the neural mechanisms of depression.

4. **Cross-Correlation and Auto-Correlation**: In information theory, correlation functions (e.g., cross-correlation, auto-correlation) quantify the linear dependencies between signals over time or across different variables. In neuroscience, these measures help in understanding the functional connectivity and time dynamics of brain states during depression.

5. **Signal Processing Models**: Techniques such as spectral analysis and signal decomposition methods (like Fourier or Wavelet transformations) from information theory can help analyze the temporal patterns and frequencies in brain signals related to depression and the impact of sleep deprivation.

### Deep Neuroscience-Information Theory Connection:

#### 1. Information Content in Brain Activity:
Sleep deprivation might disrupt the homeostatic balance in the brain's energy usage (e.g., increased levels of adenosine in the cerebrospinal fluid) which in turn leads to increased metabolic demand, especially in certain neural areas implicated in depression such as the prefrontal cortex, hippocampus, and amygdala. The increased energy usage may force these brain areas into more efficient states by reducing overall system entropy. In information theory terms, this means a decrease in the average information entropy per unit of information (a state of reduced complexity).

#### 2. Mutual Information and Neural Dependencies:
In normal conditions, there might be complex mutual dependencies between various regions of the brain. For example, there may be mutual information (I(X,Y)) between the activity patterns in different regions. However, in depression, there is often increased coherence or interconnectivity in these patterns due to altered synaptic weights or structural changes (e.g., in white matter pathways). Sleep deprivation, by improving neural efficiency (i.e., decreasing system entropy), might rewire the neural connections to more stable patterns of mutual information, reducing the overall information complexity of neural communication.

#### 3. Signal Processing and Noise Reduction:
The brain’s response to depression may include higher levels of background noise (e.g., due to inflammation"
How do antibiotic-resistant bacteria always defeat,microbiology,cybernetics,response_level,,0.22499999999999998,1.0,0.38797926902770996,0.22499999999999998,GENUINE_INSIGHT,GENUINE_INSIGHT,True,False,"- Negative feedback loop and control theory
- Robustness and adaptive regulation
- Model Predictive Control (MPC)
- Stochastic Differential Equations (SDEs)
- Optimization Techniques
- Game Theory"
How do antibiotic-resistant bacteria always defeat,microbiology,cybernetics,token_level,0.0,0.10980803879840724,0.4880357279929211,0.1820908486843109,0.22499999999999998,GENUINE_INSIGHT,GENUINE_INSIGHT,True,False,"To analyze how antibiotic-resistant bacteria defeat targeted treatments from a perspective of microbiology and cybernetics, we can identify deep structural connections by drawing parallels with the principles of negative feedback loops in cybernetics.

### Microbiology Perspective:
Antibiotic resistance in bacteria can be understood through the lens of Darwinian evolution. When antibiotics are introduced, only susceptible bacteria are killed off, while resistant bacteria survive. This survival leads to a population where a higher proportion of bacteria are resistant.

### Cybernetics Perspective:
From the viewpoint of cybernetics, this evolutionary process can be modeled as a negative feedback loop:
1. **Input:** Introduction of antibiotics
2. **Process:** Antibiotics kill susceptible bacteria but leave resistant bacteria.
3. **Output:** Resistant bacteria proliferate.
4. **Feedback:** The resistant bacteria themselves become a new ""input"" for the next round of antibiotics, and the cycle continues.

### Formal Equivalences and Isomorphisms:
- **Negative Feedback Loop:** In microbiology, the introduction of antibiotics leads to a selection pressure that favors resistant strains. This selection is analogous to a negative feedback loop in cybernetics where the output (resistant bacteria) feeds back to influence future inputs (antibiotics).
  
- **Threshold and Catastrophe:** The concept of a threshold in microbiology (where the proportion of resistant bacteria becomes too high) can be related to a catastrophic change in a cybernetic system. Just as an ecosystem can tip into a new state (e.g., a disease outbreak), a threshold can cause a sudden shift in bacterial resistance.

- **Self-Organizing Systems:** Both microbiology and cybernetics deal with self-organizing systems. The emergence of resistance can be seen as a self-organizing process, where the bacteria adapt and evolve to survive despite the presence of antibiotics.

### Mathematical Tools:
To formalize these insights, we can use mathematical models:
- **Evolutionary Game Theory:** Models the interactions between different bacterial strains (players) and antibiotics (payoffs).
- **Differential Equations:** Used to describe the dynamics of bacterial populations over time.
- **Cellular Automata:** Can simulate the spatial dynamics and interactions of bacteria and antibiotics.

### Organizing Principles:
- **Evolutionary Dynamics:** Understanding how bacterial populations evolve over time under selection pressure.
- **Self-Organizing Behavior:** Identifying patterns and rules that govern the self-organized emergence of resistance.

By transferring these problem-solving frameworks, we gain a comprehensive understanding of how antibiotic resistance arises and evolves, providing both a historical and predictive framework for antibiotic development and use."
How do antibiotic-resistant bacteria always defeat,microbiology,cybernetics,token_level,0.25,0.10251708177566117,0.3037543163723294,0.11333367228507996,0.33749999999999997,GENUINE_INSIGHT,GENUINE_INSIGHT,True,True,"To analyze the problem of antibiotic-resistant bacteria defeating targeted treatments through a structural connection to cybernetics, we can draw parallels between biological systems and cybernetic systems, focusing on feedback loops, homeostasis, and control mechanisms.

### Formal Tools from Cybernetics that Transfer:

1. **Negative and Positive Feedback Loops**:
   - **Biological Example**: In the context of antibiotic resistance, the gene for resistance can be seen as a positive feedback loop where resistant bacteria can produce enzymes that break down antibiotics, reducing their effectiveness and allowing more resistant strains to survive and proliferate.
   - **Cybernetic Example**: In a closed-loop control system, negative feedback (reducing error) can be analogous to the decrease in bacterial sensitivity to the antibiotic, while positive feedback (amplifying the error) can be likened to the spread and persistence of resistant bacteria.

2. **Homeostasis and Emergence**:
   - **Biological Example**: Antibiotic resistance can be seen as a form of homeostasis where resistant bacteria maintain their presence despite the treatment. Emergence occurs when the complex behavior of the bacterial population emerges from the interaction of individual bacteria, each capable of producing resistance mechanisms.
   - **Cybernetic Example**: In cybernetics, homeostasis involves maintaining a stable state despite external disturbances, akin to how bacteria maintain their resistance despite the presence of antibiotics. Emergence can be viewed as the unpredictable and complex behavior that emerges from the interactions of individual bacteria.

3. **Sensory and Response Mechanisms**:
   - **Biological Example**: Bacteria use their cell surfaces and membrane proteins as sensory organs to detect the presence of antibiotics. They respond by changing their metabolic processes, producing enzymes, or altering their genetic makeup.
   - **Cybernetic Example**: In cybernetics, the sensors (like the cell surface of bacteria) and the response mechanisms (like the production of enzymes and genetic changes) are analogous to the inputs and outputs in a cybernetic system. The response mechanisms can be modeled as feedback control systems, where the presence of antibiotics serves as the input that triggers a response.

4. **Evolutionary Dynamics**:
   - **Biological Example**: The evolution of antibiotic resistance is driven by natural selection, where resistant bacteria are more likely to survive and reproduce. This can be modeled using principles from evolutionary dynamics and game theory.
   - **Cybernetic Example**: The concept of evolution can be applied to the dynamics of a cybernetic system where the environment (presence of antibiotics) influences the system's (bacterial) state, leading to the emergence of more robust and resistant configurations.

### Organizing Principles and Problem-Solving Frameworks:
By mapping the problem of antibiotic-resistant bacteria to cybernetic principles, we can employ tools from system theory to better understand and combat the issue. Specifically:

- **Systems Theory**: Analyze the bacterial system as a complex adaptive system with emerg"
How do antibiotic-resistant bacteria always defeat,microbiology,cybernetics,token_level,0.5,0.16513568491606243,0.2752261415267707,0.10268953442573547,0.6,STRUCTURAL_REVELATION,GENUINE_INSIGHT,True,True,"To analyze the problem of antibiotic-resistant bacteria defeating targeted treatments using tools from cybernetics, we need to establish a structural mapping between the dynamics of biological systems (particularly in microbiology) and cybernetic principles, which involve control systems, feedback mechanisms, and self-regulation.

### Deep Structural Connection via Cybernetic Frameworks

#### 1. **Control System Model**
   - **Microbiology Perspective:** In this context, antibiotics act as regulators designed to control bacterial growth and proliferation.
   - **Cybernetics Perspective:** An antibiotic can be thought of as a feedback regulator in a control system where the bacterial population serves as the system to be regulated.

#### 2. **Negative Feedback Mechanisms**
   - **Microbiology Perspective:** Antibiotics induce death or inactivity of bacteria.
   - **Cybernetics Perspective:** Antibiotics can be seen as negative feedback mechanisms that attempt to reduce the bacterial population to a desired setpoint (zero infection).

#### 3. **Feedback Loops and Adaptation**
   - **Microbiology Perspective:** Bacteria can develop resistance to antibiotics, leading to a dynamic change in bacterial population.
   - **Cybernetics Perspective:** The bacterial population can be viewed as an adaptive system that learns and changes in response to the antibiotic treatment. The system learns how to evade the regulatory feedback (antibiotics).

### Formal Tools Transferring

#### **1. Negative Feedback Loops (Control Theory)**
- In cybernetics, feedback loops are essential for system stability. When a feedback loop is designed to reduce the error, it is typically negative feedback. Antibiotics create negative feedback mechanisms to control bacterial growth. However, resistance in bacteria can be seen as an adaptation that introduces a positive feedback mechanism.

#### **2. Adaptation and Learning Systems (Cybernetics)**
- **Bacteria Adaptation:** The ability of bacteria to evolve and develop resistance can be viewed through the lens of adaptation in cybernetic systems. This adaptation is akin to an ""anti-regulatory"" mechanism where bacteria learn and adapt to the presence of antibiotics.
- **Formal Tool:** **Evolutionary Algorithms** (EAs) can be applied here to simulate the evolutionary process of resistance development, mapping how bacteria learn and adapt to evade the negative feedback of antibiotics.

#### **3. Self-Organizing Systems (Complex Systems Theory)**
- Bacteria colonies can be seen as self-organizing systems. The development of antibiotic resistance can be viewed as the bacteria self-organizing around a negative feedback (antibiotics), leading to emergent behavior (resistance).
- **Formal Tool:** **Self-Organization** concepts from Complex Systems Theory can help understand the emergent properties of bacterial resistance.

### Analysis and Problem-Solving Framework

1. **Modeling the Antibiotic Treatment as a Negative Feedback Loop:**
   - Define the bacterial population \(P(t)\) as the system to be regulated.
   -"
How do antibiotic-resistant bacteria always defeat,microbiology,cybernetics,token_level,0.75,0.16261850429446642,0.3097495319894599,0.1155705451965332,0.5249999999999999,GENUINE_INSIGHT,STRUCTURAL_REVELATION,True,True,"To analyze the problem of antibiotic-resistant bacteria defeating targeted treatments using tools from cybernetics, we can establish a deep structural connection between the dynamic interactions in a biological system (microbiology) and the self-regulating mechanisms in a cybernetic system. This connection will illuminate the problem by transferring entire problem-solving frameworks between these fields.

### Deep Structural Connection via Cybernetic Principles

#### 1. Negative Feedback Loops in Biological Systems

**Formal Tool:** **Closed-Loop Systems**

**Analysis:** In a closed-loop system, the output of a process is fed back to the input to adjust the behavior. Antibiotic-resistant bacteria exhibit negative feedback loops in their behavior:
- When antibiotics are used, bacteria that are initially sensitive to the drug die, while resistant ones survive.
- Surviving resistant bacteria can be thought of as a positive feedback mechanism because the environment (the presence of antibiotics) selects for and reinforces resistance genes.

#### 2. Self-Regulation and Homeostasis

**Formal Tool:** **Control Theory and Adaptive Systems**

**Analysis:** In cybernetics, homeostasis refers to the ability of a system to maintain a stable internal state despite changes in external conditions. Antibiotic-resistant bacteria can be seen as self-regulating systems:
- The presence of antibiotics disrupts the ecological balance of the microbial community, but the surviving bacteria can adapt to this new environment, effectively maintaining a stable resistance mechanism.
- The bacterial population's resistance is an adaptive response to the selective pressure imposed by antibiotics, similar to how an organism adapts to a changing environment.

#### 3. Evolutionary Dynamics

**Formal Tool:** **Evolutionary Game Theory and Adaptive Dynamics**

**Analysis:** Evolutionary dynamics describe how the frequency of alleles changes in a population over time. Antibiotic resistance can be modeled as a game:
- Different alleles (bacterial strains with different resistances) compete for survival.
- Antibiotic treatment acts as a ""selection pressure"" that favors resistant alleles, leading to their increasing frequency in the population.

#### 4. Information Feedback

**Formal Tool:** **Information Theory and Cybernetic Information Systems**

**Analysis:** In cybernetics, information feedback is crucial for self-regulation. Antibiotic-resistant bacteria use information about antibiotic presence and action to modify their behavior:
- Genes encoding resistance mechanisms can be seen as ""information"" that the bacteria carry and use to alter their phenotype.
- The ability of bacteria to transfer genetic material (like plasmids) between individuals is a form of information exchange that spreads antibiotic resistance throughout populations.

### Transfer of Problem-Solving Frameworks

By using these cybernetic principles, we can apply tools and methods from control theory, evolutionary game theory, and information theory to understand and potentially solve the problem of antibiotic resistance:
- **Closed-loop systems** can be used to design more effective antibiotics that actively monitor and respond to the presence of resistant bacteria.
- **Evolutionary dynamics** can help"
How do antibiotic-resistant bacteria always defeat,microbiology,cybernetics,token_level,1.0,0.13582362786067123,0.3395590696516781,0.1266927719116211,0.4,GENUINE_INSIGHT,STRUCTURAL_ISOMORPHISM,True,True,"To analyze the problem of antibiotic-resistant bacteria defeating targeted treatments using tools from cybernetics, we can establish a deep structural connection by framing the bacterial adaptation and the antibiotic treatment as a cybernetic feedback system. Let's explore the formal isomorphisms and organizing principles that transfer.

### Mathematical Equivalence through Feedback Systems

In both microbiology and cybernetics, we can model the system using feedback control models, which are structurally analogous.

**Bacterial Growth and Resistance (Microbiology) vs. Adaptive Systems in Cybernetics:**

In microbiology, antibiotic-resistant bacteria are modeled as a closed-loop system where the bacterial population adapts to the antibiotic presence through feedback mechanisms. Similarly, in cybernetics, systems (e.g., thermostats, PID controllers) are controlled using feedback loops.

#### Organizing Principle: Negative and Positive Feedback

- **Microbiological Feedback Mechanisms:** Antibiotics induce resistance traits in bacteria, which then propagate back through the population (positive feedback), making it increasingly difficult to treat. The resistant subpopulation grows faster due to mutations and gene transfers.
- **Cybernetic Feedback Control:** In an adaptive system, both positive feedback (where the control variable reinforces the system's behavior) and negative feedback (where the control variable reduces the system's deviation from a set point) are critical. Negative feedback ensures stability and optimality, while positive feedback leads to runaway effects (such as antibiotic-resistant bacterial populations).

### Formal Tools that Transfer

**1. Linear Time-Invariant (LTI) Systems:**
Both microbiology and cybernetics can be described using linear time-invariant (LTI) models. An LTI system has properties like homogeneity (scaling input affects output by the same factor) and time-invariance (shift in time results in equivalent shift in input/output).

#### Example in Cybernetics: PID Control
PID controllers are LTI systems used in cybernetic feedback control loops to adjust the behavior of the system based on the difference between the desired setpoint and the actual value.

#### Example in Microbiology: Antibiotic Resistance
Antibiotics act as inputs to a bacterial population, causing the population to either increase (positive feedback) or decrease (negative feedback). This resistance trait can be modeled using LTI dynamics.

**2. State Space Models:**
State-space models are useful for describing the behavior of complex systems over time. These models decompose the system dynamics into state equations (how the internal states of the system evolve) and output equations (how the system reacts to the input).

#### Microbial Population Model:
Let \( S \) be the state of the microbial population (e.g., the concentration of sensitive bacteria). The state equation can be:
\[ \dot{S}(t) = A S(t) + B u(t) \]
where \( \dot{S} \) is the rate of change of the population state, \( A \) is a matrix describing how"
How do antibiotic-resistant bacteria always defeat,microbiology,cybernetics,token_level,1.5,0.3132702524537155,0.46069154772605225,0.17188847064971924,0.6799999999999999,STRUCTURAL_REVELATION,STRUCTURAL_ISOMORPHISM,True,True,"To analyze the problem of antibiotic resistance using tools from cybernetics, we can draw an analogy to negative feedback systems, particularly in the context of control theory and organizational principles from systems theory. Let's delve into how this transfer works structurally.

### Formal Tools Transfer:
1. **Negative Feedback Loops (Cybernetic Loop)**: Antibiotic resistance in bacteria can be modeled using cybernetic feedback loops. The ""cybernetic loop"" here involves the resistance mechanism as an attempt to return to a previous state, and the antibiotic's presence as a disturbance or ""input"" to this loop. If the antibiotic's presence (negative input) fails to disrupt bacterial reproduction (negative feedback output) due to the resistance mechanism, it constitutes a closed-loop negative feedback system.

2. **Open Loop Control System Analysis**: By framing the antibiotic-resistance problem as an open loop system (where there's a known disturbance but no inherent self-adjustment mechanism in response), one can apply concepts from open loop control to understand the resilience and adaptation of the bacterial system.

3. **Signal Propagation Analysis**: Analyzing how antibiotic signals propagate and are modified in the bacterial cell, comparing this with signal processing techniques. In both fields, understanding the nature of signal processing can provide insights into how information flows and how adaptations can emerge in response to changes in input signals (in this case, antibiotics).

4. **Resonance Phenomenon**: In cybernetics, the resonance phenomenon often arises when an external signal matches the natural frequencies of a system. For antibiotic resistance, one might see similar resonances where specific antibiotics are too weak or too strong for the resistance mechanism, causing resistance to either diminish or grow stronger respectively. 

5. **Cybernetic Organizers (Self-Organizing Systems)**: The evolution and adaptation of bacteria's resistance mechanism can be understood in terms of cybernetic organizers that organize behavior within complex adaptive systems. Here, the organizing principles would relate to the emergent properties and patterns of resistance across different bacteria populations.

### Deep Structural Connection:
In cybernetic terms, antibiotic-resistant bacteria exhibit negative feedback dynamics, which allows them to continuously adapt their metabolism, growth, and other traits in response to selective pressure (the presence of antibiotics). The core cybernetic structure can be understood by breaking down the problem into:
- **Inputs and Outputs**: Antibiotic (input) leading to cell death or mutation (output).
- **Control Systems**: Feedback loops (e.g., resistance mechanism) that aim to negate the effects of antibiotics.
- **Feedback Loops**: Self-reinforcing (resistance mechanism) and self-regulatory (mutation rate adjustment).

The formal isomorphism lies in recognizing how cybernetic concepts of negative feedback and self-organizing systems can map directly onto the mechanisms of resistance and adaptation observed in antibiotic-resistant bacteria. Understanding the mathematical and formal tools from one field allows us to transfer problem-solving frameworks that can provide deeper insights into the other"
How do antibiotic-resistant bacteria always defeat,microbiology,cybernetics,token_level,2.0,0.1487234856263633,0.3304966347252518,0.12331148982048035,0.44999999999999996,GENUINE_INSIGHT,GENUINE_INSIGHT,True,True,"To analyze the problem of antibiotic-resistant bacteria defeating targeted treatments using tools from cybernetics, we can establish a deep structural connection by viewing the interactions as a cybernetic feedback loop. Both fields - microbiology and cybernetics - deal with complex adaptive systems where there are control loops, feedback mechanisms, and iterative processes. Let's formalize this connection using concepts from cybernetics and formal tools.

### Formal Isomorphisms

#### 1. Negative Feedback and Positive Feedback Loops:
- In microbiology, antibiotic resistance is an emergent property arising from feedback mechanisms.
- In cybernetics, feedback loops can be classified as either positive or negative, with positive feedback driving amplification and negative feedback maintaining stability.
- Antibiotic-resistant bacteria are an example of positive feedback at play: mutations that confer resistance amplify over generations.
- Conversely, targeted treatments may have a negative feedback loop that can temporarily reduce bacterial population if antibiotics disrupt their metabolism sufficiently.
  
### Organizing Principles

#### 2. Control and Autonomy:
- **Cybernetic Principle 1**: Open Loop Control (System responds based on set-point or expected state without continuous feedback)
- **Cybernetic Principle 2**: Closed Loop Control (Continuous monitoring and feedback to correct deviations)

In this context, the open-loop nature of some targeted antibiotic treatments (where bacteria might be resistant or resistant mechanisms can evolve independently) leads to resistance developing without adequate monitoring, similar to the principle of closed loop control not being effectively utilized. Antibiotics in this case might be like open-loop controllers in a control system where there is no continuous adjustment for feedback, resulting in failure.

#### 3. Iteration and Iterative Optimization:
- Both microbiological adaptation (e.g., the mutation and spread of resistance) and cybernetic systems often involve iterative processes of feedback, correction, and adjustment.
- Iteration helps understand the development of resistance: resistance mechanisms emerge over generations of mutation and selection.
  
### Transferable Problem-Solving Frameworks

#### 4. Adaptive Control Strategies:
- **Cybernetic Tool 1**: Adaptive Control Theory - Techniques designed to compensate for unknown parameters or disturbances, maintaining desired system performance.
- By applying adaptive control theory, treatments can be designed that adjust in real-time based on observed changes (such as increased antibiotic resistance). For instance, continuously changing antibiotics to disrupt existing resistance mechanisms and preventing new resistances from forming.
- This strategy shifts the approach from static control to one where the control loop continuously re-calibrates its strategy.

#### 5. Cybernetic Feedforward Control:
- **Cybernetic Tool 2**: Feedforward Control - An approach where actions are planned and taken to anticipate future system responses and conditions, ensuring they do not exceed safe or optimal boundaries.
- Applying feedforward principles in microbiology can involve designing drugs or interventions that predict future mutations or resistances, and then preemptively combating these anticipated mutations before they emerge. For instance, sim"
Why do antidepressants take 2-4 weeks to work desp,psychiatry,network science,response_level,,0.187687438616113,0.8341663938493912,0.34034669399261475,0.22499999999999998,GENUINE_INSIGHT,GENUINE_INSIGHT,True,False,"- Graph Representation
- Feedback Loops and Closed-Loop Systems
- Dynamical Systems Theory
- Percolation Theory
- Network Resilience and Stability
- Phase Transitions and Critical Points"
Why do antidepressants take 2-4 weeks to work desp,psychiatry,network science,token_level,0.0,0.13978734934241174,0.49048192751723424,0.20012062788009644,0.285,GENUINE_INSIGHT,GENUINE_INSIGHT,True,True,"To understand why antidepressants take 2-4 weeks to work despite immediate receptor binding, we can explore this from the perspective of network science and integrate it with concepts from psychiatry.

### 1. Network Science Perspective: Complex Systems and Dynamical Processes

#### **Network Structure**
In network science, the human brain can be modeled as a complex network with nodes representing neurons and edges representing synaptic connections. The brain's connectivity can be thought of as a dynamic system where the activity and interactions of individual neurons and neural circuits give rise to higher-order cognitive and emotional processes.

#### **Dynamics of Receptor Binding**
When an antidepressant binds to its receptor, it disrupts the dynamics of these networks. The immediate binding is a point of entry, but the longer-term effects require changes in the overall network structure and dynamics. This is akin to a perturbation in a complex network system.

### 2. Psychiatry Perspective: Time for Effective Treatment

#### **Neurotransmitter Imbalance**
Antidepressants typically work by modulating neurotransmitters such as serotonin, norepinephrine, and dopamine. These molecules play crucial roles in modulating mood, stress responses, and cognitive functions. A balanced state of these neurotransmitters is essential for optimal brain function.

#### **Therapeutic Window and Long-Term Effects**
The time it takes for antidepressants to work is often related to the brain's ability to re-establish a functional balance of neurotransmitters and neural circuits. This involves multiple layers of regulation, including the re-establishment of neural connectivity, the remodeling of synapses, and the adjustment of gene expression patterns that affect neurotransmitter production.

### 3. Transfer of Problem-Solving Frameworks

#### **Modeling Neurotransmitter Dynamics**
From the network science perspective, one can use mathematical models of dynamical systems to understand the transient behavior of neurotransmitter concentrations and the receptor dynamics. For example, the Michaelis-Menten kinetics and Hill equations can be used to model the binding and unbinding rates of neurotransmitters and receptors.

#### **Long-Term Network Resilience**
From the psychiatry perspective, the time frame for treatment can be viewed as the brain's capacity to adapt and rewire its network to a new, more balanced state. Techniques from network science, such as **Percolation Theory** and **Dynamical Network Analysis**, can help in understanding how the brain's network resilience is affected over time.

#### **Refractory Period and Resilience**
The concept of a **refractory period** in network science (a time during which the system is less responsive to perturbations) can be analogous to the initial phase of treatment where the brain is adjusting to the presence of the antidepressant. After the initial binding, there is a period of reorganization and resilience building.

### 4. Mathematical Equivalences and Formal Isomorphisms

#### **Formal Tools**
- **Network Theory**: Tools from network science such as **"
Why do antidepressants take 2-4 weeks to work desp,psychiatry,network science,token_level,0.25,0.23258034304416747,0.38763390507361245,0.15815779566764832,0.6,STRUCTURAL_REVELATION,GENUINE_INSIGHT,True,True,"To analyze the deep structural connection between psychiatry and network science to understand why antidepressants take 2-4 weeks to work despite immediate receptor binding, we can draw upon principles from network science to interpret the complex, dynamic systems at play in the brain.

### Formal Tools Transfer
1. **Network Dynamics and Time Scales (Time Delay Equations)**
   - **Network Science Tool:** Time delay differential equations (TDEs). 
   - **Psychiatry Application:** These equations are used to model the delayed effects in complex biological and social networks. In the context of antidepressants, the delayed effects could represent the time required for the network of synaptic connections and neurotransmitter levels to stabilize.
   
2. **Complex Networks**
   - **Network Science Tool:** Complex network models. 
   - **Psychiatry Application:** The brain can be conceptualized as a network of neurons, where each neuron is a node and synapses are the edges. The delay in antidepressant action could reflect the slow dynamics and feedback loops within this network.

3. **Percolation Theory**
   - **Network Science Tool:** Percolation theory.
   - **Psychiatry Application:** This theory deals with the emergence of connected clusters in random graphs. In the context of brain networks, the delayed effects could be seen as the percolation threshold being crossed over time, indicating the onset of a stable functional state.

4. **Feedback Loops and Positive/Negative Clusters**
   - **Network Science Tool:** Positive and negative feedback loops in network models.
   - **Psychiatry Application:** Antidepressants can both disrupt and restore these feedback loops. The process of recovery might involve the formation of new positive feedback loops that stabilize the system, taking time to develop and stabilize.

### Deep Structural Connection
- **Feedback Loops and Network Resilience:**
  The brain's network is highly interconnected and robust, with positive and negative feedback loops that maintain stability. Antidepressants may initially disrupt these loops (negative feedback), but over time, they promote the re-establishment of positive feedback (enhancing neural plasticity and connectivity). This process can take 2-4 weeks due to the complex, adaptive nature of the network.

- **Emergence of a Stable State:**
  The system transitions from a state of instability (immediate receptor binding effects) to a stable, functional equilibrium. This transition can be understood through percolation theory, where the system evolves over time to form large functional clusters (positive feedback loops).

### Mathematical Equivalences
- **Time Delayed Equations (TDEs):** The effects of antidepressants on synaptic plasticity and neurotransmitter levels can be modeled as a time-delayed system of equations, where the state of the system at one time depends on its state in the past. For example, the efficacy of a given treatment might depend on the state of the system 1-4 weeks prior to the treatment.

-"
Why do antidepressants take 2-4 weeks to work desp,psychiatry,network science,token_level,0.5,0.18248091484288137,0.3379276200794099,0.1378772258758545,0.54,GENUINE_INSIGHT,STRUCTURAL_REVELATION,True,True,"To analyze the deep structural connection between psychiatry and network science that illuminates why antidepressants take 2-4 weeks to work despite immediate receptor binding, we can use tools from network science and structural equation modeling. Here, let's identify key formal tools and principles that transfer between these fields to shed light on the issue.

### Formal Tools Transfer

1. **Complex Networks and Graph Theory**:
   - **Adjacency Matrix and Laplacian Spectrum**: The connectivity patterns within the neural network can be represented as a graph where neurons are nodes and synapses are edges. The adjacency matrix \(A\) represents the connections between neurons. The spectrum of the Laplacian matrix \(L = D - A\) reveals important characteristics of the network, such as node centrality, which relates to the influence of neurons in the network.
   - **Centrality Measures**: Node centrality (e.g., degree centrality, betweenness centrality, closeness centrality) can help identify critical nodes (neurons) that play significant roles in the network's dynamics.

2. **Time-Varying Network Models**:
   - **Dynamic Network Models**: The interactions in the network can be modeled as dynamic, changing over time. Techniques from network science can be used to analyze these temporal networks. For example, time-varying adjacency matrices can track changes in synaptic connectivity over days or weeks.
   - **Phase-Plane Analysis**: By modeling the interactions as a system of differential equations, we can study the phase plane of the system over time. This can reveal how initial conditions (at day 0) evolve into different states over the 2-4 week treatment period.

3. **Statistical Network Analysis**:
   - **Community Structure and Clustering**: Identifying clusters or communities in the neural network can provide insights into how different regions of the brain interact with each other. This clustering might reveal the functional modules or networks that are affected by antidepressant treatments.
   - **Markov Chains**: If the state of the network can be modeled as a Markov chain, the transition probabilities between different states (network configurations) over time can be analyzed to understand how the network evolves during treatment.

### Organizing Principles and Isomorphisms

1. **Equilibrium States and Transitions**:
   - The initial state (no treatment) and the final state (treated) of the network can be mapped onto the concept of equilibrium states in network science. The transition from one state to another is akin to the treatment process.

2. **Feedback Loops and Self-Organizing Systems**:
   - Antidepressants might alter the feedback loops in the neural network. Analyzing these feedback loops can reveal why it takes time for the system to settle into a new, stable state.
   - The concept of self-organizing systems in network science can be applied to understand how the network adjusts to changes brought about by treatment.

3. **Hierarchical and Modular Structures**"
Why do antidepressants take 2-4 weeks to work desp,psychiatry,network science,token_level,0.75,0.32917250466418935,0.43889667288558576,0.17907342314720154,0.75,GENUINE_INSIGHT,STRUCTURAL_ISOMORPHISM,True,True,"To explore the deep structural connection between psychiatry and network science to illuminate why antidepressants take 2-4 weeks to work, we can analyze this problem using tools from network science, specifically focusing on the dynamics of complex networks and their response to interventions.

### Formal Tools Transfer:

1. **Complex Networks and Dynamical Systems**:
   - **Formal Isomorphism**: The pharmacological action of antidepressants on the brain can be modeled using network science frameworks that are analogous to how complex dynamical systems respond to perturbations. This involves mapping the interconnected neural network of the brain (which can be treated as a complex network) onto a system of differential equations that describe the interactions between various neurotransmitter systems, neural pathways, and synaptic plasticity.

2. **Metabolic Network Dynamics**:
   - **Formal Equivalence**: The pharmacokinetics and pharmacodynamics of antidepressants can be modeled using metabolic network dynamics. This involves understanding how drugs move through the body (kinetics) and how they exert their effects on the body (dynamics), which are similar to the processes in metabolic pathways in network science. The delay observed in antidepressant efficacy might be related to the time it takes for the body's metabolic network to reach a new steady state.

3. **Critical Thresholds and Phase Transitions**:
   - **Organizing Principle**: Antidepressants may require a threshold level of efficacy before significant improvements are observed. This threshold can be viewed as a critical point in a network of interacting molecular and neural processes. Just as phase transitions in materials require certain conditions to be met (e.g., a critical temperature or concentration), there may be a ""critical state"" in the brain's network that antidepressants must trigger before noticeable changes occur. The 2-4 week delay can be interpreted as the time it takes to cross this critical threshold.

4. **Small-World Networks**:
   - **Mathematical Equivalence**: The human brain can be approximated as a small-world network, where nodes represent neurons and connections represent synaptic interactions. The effectiveness of antidepressants may be dependent on the efficiency of this small-world architecture. Introducing an antidepressant could disrupt the current state of this network, requiring time for it to reorganize itself towards a new, potentially more functional state. The delay in efficacy might correspond to the time required for the network to settle into a new configuration.

5. **Network Plasticity and Learning**:
   - **Transfer Framework**: The process of synaptic plasticity, which underlies learning and memory in the brain, can be analyzed through network science concepts. Antidepressants might affect synaptic plasticity by altering the connectivity or the strength of synaptic connections, leading to changes that take time to propagate and stabilize. This aligns with the notion that learning and memory are distributed across the brain and require time for these distributed changes to be reflected in overall network behavior.

### Structurally Specific Analysis:

- **Metabolic Network Dynamics**: 
 "
Why do antidepressants take 2-4 weeks to work desp,psychiatry,network science,token_level,1.0,0.22268231863567695,0.4241567974012895,0.17305943369865417,0.5249999999999999,STRUCTURAL_REVELATION,GENUINE_INSIGHT,True,True,"To analyze the connection between psychiatry and network science that illuminates why antidepressants take 2-4 weeks to work, we can draw an analogy with network science concepts like complex network dynamics, self-organized criticality, and adaptive dynamics. Let's identify the mathematical equivalences, formal isomorphisms, and organizing principles that transfer entire problem-solving frameworks between fields.

### Organizing Principle: Adaptation and Feedback Loops in Network Science

**Formal Tool Transfer: Adaptive Dynamical Systems**

In psychiatry, the immediate effect of antidepressants (like receptor binding) can be seen as the initial response to the intervention. However, the therapeutic effect that takes weeks to manifest reflects the dynamic changes within the brain's network that are more gradual and complex. Network science provides the framework to model and understand such adaptations and delayed effects.

In adaptive dynamical systems, the state of a system can evolve in a way that depends not just on current inputs, but also on its past state. This concept can be applied to the brain's homeostatic mechanisms and adaptive processes in response to medication. When antidepressants bind to neurotransmitter receptors and activate downstream signaling cascades, the immediate change in receptor density might be countered by other mechanisms (e.g., neurotrophin release, upregulation of gene expression, etc.). These compensatory processes can cause the system to adapt slowly over time.

### Self-Organized Criticality in Network Dynamics

**Formal Tool Transfer: Self-Organized Criticality (SOC)**

Another key concept in network science is self-organized criticality (SOC). In SOC, a system naturally evolves to a critical state without the need for external tuning, exhibiting a broad distribution of structures and behavior that is highly dynamic yet stable.

In psychiatry, this corresponds to the idea that the brain's neuroplasticity and adaptive processes operate at a critical level. Initially, when antidepressants are administered, there is a local shift in neurotransmitter dynamics (a localized SOC) due to receptor binding. This localized change then propagates throughout the brain through a series of interconnected neurons (nodes and edges in a network), leading to a global change that manifests as the therapeutic effect after a few weeks. This process is self-sustained and critical in the sense that it can reach a balanced, stable state even though individual neurons or synapses are still adapting.

### Slow Diffusion Processes and Memory Effects

**Formal Tool Transfer: Fractional Calculus**

In network science, slow diffusion processes can be described using fractional calculus. This branch of mathematics extends the concepts of differentiation and integration to non-integer orders. Fractional calculus provides a mathematical framework to describe memory effects in dynamical systems, where past states influence future ones in a non-local manner.

The delay in antidepressant efficacy can be likened to a slow diffusion process with memory. When the drug binds to receptors and changes neurotransmitter dynamics, the change in one neuron can propagate to adjacent neurons via synaptic"
Why do antidepressants take 2-4 weeks to work desp,psychiatry,network science,token_level,1.5,0.30154787647359677,0.4467375947756989,0.18227258324623108,0.675,GENUINE_INSIGHT,STRUCTURAL_ISOMORPHISM,True,True,"To analyze the connection between psychiatry and network science that illuminates why antidepressants take 2-4 weeks to work, despite their immediate receptor binding, we can focus on the organizational principles and formal tools that transfer between the fields of psychiatry and network science.

### Structural Connection Through Network Dynamics and Latent Latent Variables

#### Psychiatry Perspective: Network Dynamics in Brain Function

1. **Neural Circuit Dynamics**: In psychiatry, particularly in depression, we are dealing with the intricate dynamics of neural networks that influence mood and behavior. Depression often involves changes in the functional connectivity within the brain network.

2. **Delayed Effects**: The observed 2-4 week onset of action can be modeled by considering the delayed effects of neural activity. Neural responses and connectivity do not immediately reflect the administration of drugs and their receptor binding.

#### Network Science Perspective: Delayed and Latent Dynamics in Complex Systems

3. **Delayed Effects in Network Systems**: In network science, a common model of delayed dynamics is the Susceptible-Infected-Susceptible (SIS) model for infectious diseases or more generally, a delayed differential equation (DDE) for delayed effects.

4. **Latent Variables in Networks**: Another formal tool that transfers is the concept of latent variables. In network science, latent variables represent unobserved factors that can significantly affect the dynamics of the system.

### Formal Isomorphisms and Tools Transfer

1. **Mathematical Models**:
   - **Delay Differential Equations (DDEs)**: These can be used to model how changes in brain connectivity or activity might lag behind the immediate effect of a drug. DDEs capture the temporal delays observed clinically.
   - **Markov Chains and Stochastic Processes**: These models can represent the probabilistic changes in network states and how they affect mental states over time.
   - **Spatio-temporal Networks**: If we consider the brain as a spatiotemporal network, tools like network science can be applied to model changes over space and time.

2. **Organizing Principles**:
   - **Eigenvalue Analysis**: The eigenvalues and eigenvectors of the connectivity matrix of a brain network can reveal stability and dynamical properties of the system.
   - **Centrality Measures**: Tools like degree centrality and betweenness centrality in network science can highlight which brain regions play pivotal roles in maintaining normal functioning.

3. **Data-Driven Methods**:
   - **Graph Theoretic Methods**: Tools from graph theory, such as community detection algorithms, can be used to understand how the brain network breaks down into distinct modules (communities) under depressed conditions and how these change in response to treatment.

### Deep Structural Connection

By translating the clinical observations in psychiatry to a network science framework, we can leverage tools such as delayed differential equations (DDEs), centrality measures, and community detection algorithms. For example:

- **Delayed Dynamics in Neural Networks**:"
Why do antidepressants take 2-4 weeks to work desp,psychiatry,network science,token_level,2.0,0.21623480824122918,0.3844174368732963,0.15684545040130615,0.5625,GENUINE_INSIGHT,STRUCTURAL_ISOMORPHISM,True,True,"To analyze the deep structural connection between psychiatry and network science that illuminates why antidepressants take 2-4 weeks to work, we can draw parallels and transfer problem-solving frameworks using tools from network science, particularly focusing on the concept of temporal dynamics, complex networks, and their dynamics.

### Organizing Principle: Time-Dependent Network Dynamics
**Formal Isomorphisms:**
In both fields, understanding the system behavior over time is crucial. Network science deals with dynamic networks where the connections (nodes) and the strength of connections (weights) change over time, which directly translates to changes in neural pathways and connections within the brain over time.

### Mathematical Equivalences
#### Pharmacodynamic vs. Dynamical Network Changes
1. **Pharmacodynamic Delay** in psychiatry (e.g., time until effect) can be modeled using delay differential equations in network science.
   - Pharmacodynamics can be represented by differential equations describing changes in the levels of neurotransmitters.
   - For a dynamic network model, delays can be added to describe how the effect of an action (antidepressant) on a node (neuronal state) is observed with a time lag.
   - Example: A simplified pharmacodynamic delay differential equation might be \( \frac{dx(t)}{dt} = ax(t-tau) - b x(t) \), where \( a \) represents the strength of the drug effect on neurotransmitters, and \( tau \) represents the time delay due to the action spreading through the network.

#### Temporal Network Evolution
2. **Temporal Network Theory**: Analyze how the structure of neural networks (neural connections and synaptic weights) evolves over time due to synaptic plasticity.
   - In psychiatry, the changes in the neural network can be thought of as modifications to the synaptic connections based on neural activity patterns, which might require a period to settle and produce the observed therapeutic effect.
   - Network Science formal tools: Temporal Network Models (TNG) - Models where edges and their weights evolve over discrete time steps. 

### Organizing Structure
By examining how changes in the synaptic networks over time relate to the delayed effect of antidepressants, we can transfer problem-solving methods.

1. **State-Space Representation** of Network States: Both fields might benefit from modeling the system in terms of a state-space where each state corresponds to a stable configuration of synaptic connections or neurotransmitter levels. 

2. **Control Theory**: Network Science tools such as Control Theory (like Adaptive Control and Sliding Mode Control) might provide ways to model and manipulate the dynamic processes of the neural network over time, providing insight into why it might take some time to stabilize and produce a therapeutic effect.
   
   - Adaptive Control can be used to adjust parameters based on current states (neuronal states), mimicking the adaptive processes of the brain that respond to changes in neurotransmitters and neural connections over time.
   
   - Sliding Mode Control (Sliding"
How does PTSD maintain itself long after the traum,clinical psychology,dynamical systems,response_level,,0.368099525375682,0.6134992089594701,0.2756398320198059,0.6,STRUCTURAL_REVELATION,GENUINE_INSIGHT,True,True,"1. **Chaotic Dynamics**
2. **Feedback Loops**
3. **Complex Systems Theory**
4. **Stochastic Processes**
5. **Non-linear Dynamics**
6. **Phase Space Analysis**
7. **Poincaré Map**
8. **Lyapunov Exponents**
9. **Attractors"
How does PTSD maintain itself long after the traum,clinical psychology,dynamical systems,token_level,0.0,0.2485210749236205,0.3550301070337436,0.15951192378997803,0.7,STRUCTURAL_REVELATION,STRUCTURAL_ISOMORPHISM,True,True,"To understand how PTSD (Post-Traumatic Stress Disorder) maintains itself long after the traumatic event, we can draw upon concepts from dynamical systems theory. By applying mathematical and structural tools from dynamical systems, we can analyze the long-term maintenance of PTSD as a complex, self-sustaining system.

### Structuring PTSD as a Dynamical System

In dynamical systems theory, a system is defined by its state, which is a set of variables that change over time. For PTSD, we can conceptualize the state as a vector containing variables such as the intensity of intrusive thoughts, avoidance behaviors, hyperarousal, sleep disturbances, and emotional dysregulation. The system evolves over time as these variables change in response to the trauma and other factors.

### Key Components of the PTSD Dynamical System

1. **State Space**: This is the multidimensional space where the state vector of PTSD resides. Each dimension could represent a different aspect of the disorder, such as emotional intensity, avoidance tendencies, or physiological arousal.

2. **Trajectories**: These are the paths that the state vector takes over time. Trajectories in a dynamical system can either be stable (indicating long-term maintenance) or unstable (indicating potential resolution or change).

3. **Equilibria**: These represent stable or unstable states where the system remains or oscillates. For PTSD, an equilibrium might represent a chronic state where symptoms persist, or an unstable equilibrium where symptoms fluctuate.

4. **Forces and Influences**: These are the various factors that influence the state vector and the system's evolution. In the context of PTSD, these forces include the traumatic event, individual coping mechanisms, social support, and environmental stressors.

### Mathematical Equivalences and Isomorphisms

**Phase Space Analysis**: This is a fundamental concept in dynamical systems where the state of the system is plotted over time in a phase space. This helps visualize the trajectory of PTSD over time and identify stable or unstable points.

**Lyapunov Functions**: These are used in dynamical systems to determine the stability of an equilibrium. In PTSD, a Lyapunov function could be a measure of symptom severity. If the Lyapunov function shows a decreasing trend, it suggests that the system is moving towards a stable equilibrium (maintenance of symptoms), whereas an increasing trend suggests the system is moving towards an unstable equilibrium or towards a state of remission.

**Coupled Oscillators**: If we model the various components of PTSD (intrusive thoughts, avoidance behaviors, etc.) as oscillators, the interplay between these oscillators can create a coupled dynamical system. The phase relationships and synchronization between these oscillators can determine whether PTSD symptoms persist or change.

### Problem-Solving Frameworks Transfered from Dynamical Systems

**Perturbation Theory**: This can be used to understand how small changes in the environment or in individual coping mechanisms can lead to significant changes in the trajectory of PTSD.

**"
How does PTSD maintain itself long after the traum,clinical psychology,dynamical systems,token_level,0.25,0.24731964584361615,0.41219940973936026,0.1851975917816162,0.6,STRUCTURAL_ISOMORPHISM,GENUINE_INSIGHT,True,True,"To analyze how Post-Traumatic Stress Disorder (PTSD) maintains itself long after the traumatic event using concepts from dynamical systems, we can establish a deep structural connection by considering the complex, adaptive systems that underpin both fields. Specifically, we can leverage formal isomorphisms and problem-solving frameworks from dynamical systems theory to better understand the long-term maintenance of PTSD symptoms.

### PTSD as an Adaptive System
In the context of dynamical systems, PTSD can be conceptualized as a self-organizing complex system. This system is characterized by the interplay between various subsystems, including the individual's psychological, biological, and social environments. The maintenance of PTSD symptoms can be modeled as an attractor in the phase space of this system.

#### Key Components of the System
1. **Trauma Memory System**: This subsystem consists of the traumatic memory, emotional response to the memory, and the behavioral responses triggered by the memory.
2. **Cognitive System**: This includes thought patterns, beliefs, and explanatory frameworks related to the trauma.
3. **Physiological System**: This involves physiological responses (e.g., increased heart rate, cortisol levels) in response to stress.
4. **Behavioral System**: This encompasses coping mechanisms and avoidance behaviors.
5. **Social System**: Interactions with others and environmental factors (e.g., support, stress) influence these subsystems.

### Phase Space and Attractors
In dynamical systems, a phase space represents all possible states of the system, and an attractor is a stable state or set of states to which the system evolves over time. The maintenance of PTSD symptoms can be thought of as a stable attractor in this phase space.

#### Mathematical Equivalence
- **Attractors**: In the phase space of the PTSD system, an attractor represents a stable set of symptoms that the system evolves towards. These attractors can be local or global.
- **Stochastic Processes**: PTSD symptoms may exhibit stochastic behavior due to external stressors, individual differences, and psychological resilience. This stochastic behavior can be modeled using stochastic dynamical systems.
- **Feedback Loops**: The interactions between subsystems (e.g., traumatic memory and emotional response) can be modeled using positive and negative feedback loops, which are key components of dynamical systems theory.

### Problem-Solving Frameworks from Dynamical Systems
#### 1. **Perturbation Analysis**
   Perturbation analysis involves studying how small changes in initial conditions or parameters affect the behavior of the system. This can be applied to understanding how minor triggers or interventions might change the course of PTSD.

#### 2. **Lyapunov Functions**
   Lyapunov functions are used to determine the stability of a system. In the context of PTSD, Lyapunov functions can be used to quantify the stability of symptom-free states or attractors that indicate the presence of effective coping mechanisms.

#### 3. **Bifurcation Analysis**
   Bifur"
How does PTSD maintain itself long after the traum,clinical psychology,dynamical systems,token_level,0.5,0.18610307850779592,0.31017179751299323,0.13935747742652893,0.6,GENUINE_INSIGHT,STRUCTURAL_REVELATION,True,True,"To analyze the maintenance of PTSD (Post-Traumatic Stress Disorder) long after the traumatic event using concepts from dynamical systems, we can map the psychological and biological processes into mathematical models. This approach will illuminate the deep structural connection and offer new problem-solving frameworks.

### Structured Connection via Dynamical Systems

#### 1. State Space Representation

**Clinical Psychology:** The state space in this context could be conceptualized as the multidimensional space representing the mental and physical conditions of a person post-trauma. Each dimension might include measures such as fear levels, anxiety, sleep disturbances, cognitive distortions, and physical pain.

**Dynamical Systems:** This translates directly into a state space for the PTSD condition. Each individual point in the state space represents a unique combination of symptoms and physiological states post-trauma. Over time, the system evolves based on internal and external factors.

#### 2. Trajectories in State Space

**Clinical Psychology:** The trajectories represent the progression or deterioration of symptoms over time. Individuals may show stable patterns, cycles of worsening or stabilization, or chaotic fluctuations.

**Dynamical Systems:** In the mathematical formulation, the trajectories represent the evolution of the state through time. Trajectories can be linear, stable, unstable, periodic, or chaotic depending on the underlying dynamics of the system.

#### 3. Equilibrium Points and Stability Analysis

**Clinical Psychology:** Equilibrium points can correspond to symptom-free states or a state of minimal symptomatology. However, the presence of persistent high levels of PTSD symptoms can be indicative of an unstable or chaotic equilibrium.

**Dynamical Systems:** Equilibrium points correspond to attractors in the phase space, such as stable equilibria, stable periodic orbits, and chaotic attractors. The stability and nature of these attractors determine whether the system moves towards a state of equilibrium or remains in a more dynamic state.

#### 4. Feedback Loops and Time Delays

**Clinical Psychology:** Feedback loops in the form of emotional regulation, avoidance behaviors, and re-experiencing of trauma can maintain the condition over time. These loops can create reinforcing cycles that prolong the PTSD state.

**Dynamical Systems:** These feedback loops can be modeled as delayed feedback systems with time delays representing the delay between experiencing a traumatic event and its psychological aftermath. The stability of these loops affects the long-term behavior of the system, with delays often leading to complex dynamics and non-ergodic behavior.

#### 5. Parameterization of Trajectories

**Clinical Psychology:** Parameters could include severity of trauma, individual resilience factors, environmental stressors, and therapeutic interventions. These factors influence the evolution of the trajectories.

**Dynamical Systems:** Parameters in the mathematical model are akin to coefficients in the dynamical system equations, representing the influence of various factors on the dynamics. These parameters can be estimated using statistical methods, similar to parameter fitting in dynamical systems theory.

### Transferring Problem-Solving Frameworks

**Structural Tools Transfer:**

"
How does PTSD maintain itself long after the traum,clinical psychology,dynamical systems,token_level,0.75,0.26289982835306036,0.48685153398714875,0.2187381386756897,0.54,STRUCTURAL_REVELATION,GENUINE_INSIGHT,True,True,"To analyze the long-term maintenance of PTSD (Post-Traumatic Stress Disorder) using concepts from dynamical systems, we can structure the problem and transfer mathematical tools between clinical psychology and dynamical systems. This involves identifying the system's key components, their interactions, and how these dynamics change over time.

### System Components and Dynamics

#### State Variables:
1. **Stress Levels (S)**: Represented by a state variable \( s \) that quantifies the overall stress a person is experiencing.
2. **Reconsolidation Processes (RP)**: Another state variable \( r \) that models the rate of reconsolidation of traumatic memories, which is influenced by both external and internal factors.
3. **Inhibition and Avoidance (IA)**: A state variable \( ia \) that represents the behavioral inhibition and avoidance strategies employed to manage stress, often leading to maladaptive coping mechanisms.
4. **Emotional Regulation (ER)**: A state variable \( er \) that measures the person's ability to regulate emotional responses to stress, which is critical for resilience.
5. **Cognitive Processing (CP)**: A state variable \( cp \) that captures the person's ability to process and integrate traumatic experiences into their broader cognitive framework.
6. **Neuroplasticity (NP)**: Another state variable \( np \) that measures the brain's neuroplasticity, which changes as a function of the system's interactions and stress.

#### System Dynamics:
- **Feedback Mechanisms**: 
  - Positive feedback: High stress can trigger increased reconsolidation and maladaptive behaviors, leading to further stress.
  - Negative feedback: Effective emotional regulation and cognitive processing can reduce stress and mitigate the impact of trauma.
  
- **Inhibition and Avoidance Loop**: 
  - Negative feedback loop: Inhibition and avoidance mechanisms (e.g., numbing, dissociation) reduce the impact of trauma on emotional regulation and cognitive processing, but can lead to prolonged maladaptive patterns.
  
- **Reconsolidation Dynamics**: 
  - Reconsolidation processes can lead to the reactivation and reprocessing of traumatic memories, which can be a double-edged sword – it can be therapeutic but also can lead to increased stress and maladaptive behaviors.

### Formal Tools Transfered

1. **Ordinary Differential Equations (ODEs)**: ODEs are fundamental in dynamical systems theory. They can be used to model how these state variables change over time based on the feedback loops and interactions within the system. For example, we might write equations like:
   \[
   \frac{ds}{dt} = f(S, RP, IA, ER, CP, NP)
   \]
   where \( f \) describes the system dynamics based on the state variables.

2. **Stability Analysis**: A key concept in dynamical systems is stability analysis, which examines whether a system returns to equilibrium after perturbation. For example,"
How does PTSD maintain itself long after the traum,clinical psychology,dynamical systems,token_level,1.0,0.22369624574307034,0.37282707623845057,0.16750794649124146,0.6,GENUINE_INSIGHT,STRUCTURAL_REVELATION,True,True,"To analyze how PTSD (Post-Traumatic Stress Disorder) maintains itself long after the traumatic event using concepts from dynamical systems, we can establish a mapping from the psychological dynamics to mathematical models that capture long-term behavioral patterns and feedback loops.

### Formal Isomorphisms and Tools Transfer
#### Organizing Principle: Feedback Loops and Closed-Loop Dynamics
**Psychological Context:**
PTSD can maintain itself due to several feedback loops:
1. **Memory Recall**: Memories of the traumatic event repeatedly activate emotional responses.
2. **Avoidance Behaviors**: To avoid painful reminders, individuals might suppress traumatic memories.
3. **Symptoms Reinforcement**: Symptoms (e.g., hypervigilance, nightmares) reinforce their own presence through behavioral and emotional loops.

These can be seen as self-reinforcing loops within the individual's cognitive and emotional system.

**Mathematical Equivalence:**
**Dynamical System Framework:** Consider the PTSD system as a dynamical system with state variables representing the various psychological states and behaviors of an individual (e.g., memory recall, avoidance behaviors, PTSD symptoms).
- **State Variables:** \( X_1 \) - Memory Recall, \( X_2 \) - Avoidance, \( X_3 \) - Symptoms
- **Equations:**
  - Memory Recall drives more recall (feedback): \(\dot{X}_1 = a_1 X_1 + b_1 X_2\)
  - Avoidance leads to less recall (negative feedback): \(\dot{X}_1 = c_1 X_1 - d_1 X_2\)
  - Symptoms reinforce symptoms: \(\dot{X}_3 = a_3 X_3 + b_3 X_1 + c_3 X_3\)

**Organizing Principle:**
These equations represent the system as a network of interacting processes, where the states \( X_1, X_2, X_3 \) evolve over time according to feedback loops and reinforce each other's presence. 

#### Formal Tools Transfer:
1. **Fixed Points and Stability Analysis:** Analyze the stability of the system by identifying and classifying the fixed points (rest points where \(\dot{X} = 0\)) to determine under which conditions PTSD might stabilize or become persistent.
2. **Poincaré Map:** This is used to analyze periodic and quasi-periodic solutions, helping understand recurring patterns or cycles in the disorder's manifestation.
3. **Lyapunov Functions:** To assess whether the system converges towards a stable state, Lyapunov functions are applied. In the context of PTSD, they would help determine whether the system will self-regulate back to normalcy or not.
4. **Phase Diagrams:** Graphically represent the dynamics by plotting \( X_1, X_2, X_3 \) over time. This helps visualize how the system behaves under different"
How does PTSD maintain itself long after the traum,clinical psychology,dynamical systems,token_level,1.5,0.02804310648524551,0.3739080864699401,0.16799363493919373,0.075,GENUINE_INSIGHT,SUPERFICIAL,True,False,"To analyze the long-term maintenance of Post-Traumatic Stress Disorder (PTSD) using concepts from dynamical systems, we can structure the problem with formal isomorphisms and transfer entire problem-solving frameworks. Let's identify the relevant deep structural connection:

### Organizing Principle: **Chaotic Attractors**

In dynamical systems, chaotic attractors represent long-term behavior in systems that appear irregular or ""chaotic"" on short timescales but show underlying deterministic structures over extended periods. A key property of chaotic attractors is that small initial perturbations can lead to drastically different trajectories, indicating sensitive dependence on initial conditions. 

### Formal Tools Transfer:

#### **Attractors and Limit Cycles:**
PTSD symptoms can be seen as attractors in the system of a patient’s brain activity and emotional states. A ""limit cycle"" in a dynamical system corresponds to a stable oscillatory pattern, such as recurrent flashbacks, nightmares, or emotional distress that keeps reappearing and maintaining a steady state over time, despite external interventions or therapy. The existence of a stable limit cycle can explain how PTSD symptoms can persist even if the immediate trauma source has passed.

#### **Sensitive Dependence:**
In dynamical systems, the behavior of trajectories can be extremely sensitive to initial conditions, leading to what we call sensitive dependence or ""butterfly effect"". Similarly, the recurrence and persistence of PTSD symptoms can depend critically on subtle environmental and emotional stimuli. Small environmental changes (e.g., a new stressful situation or a triggering event) can cause large variations in PTSD symptomology.

#### **Basin of Attraction:**
In the context of dynamical systems, a **basin of attraction** refers to the set of all possible initial states from which the system will evolve toward a given attractor. PTSD could be associated with a particular ""basin of attraction,"" representing all initial emotional, psychological, and neural states that could lead to a particular trajectory of symptoms.

#### **Noise and Regular Perturbations:**
Dynamical systems often exhibit behavior influenced by noise and external regular perturbations. Similarly, the persistence of PTSD can be influenced by daily stressors, social pressures, and the unpredictability of emotional experiences. The impact of these factors on symptom maintenance can be understood by incorporating external ""perturbation"" terms into the dynamical system.

### Problem Solving Frameworks Transfer:
By framing the study of PTSD as a dynamical system with chaotic attractors and sensitive dependence on initial conditions, researchers and clinicians can borrow and adapt powerful dynamical systems theory techniques, such as:
- **Numerical Simulation and Chaos Theory:**
  Use simulations to predict how small perturbations or external stresses will affect the symptom trajectory.
- **Control Theory:**
  Design strategies to modulate or ""control"" the attractors or basins of attraction to mitigate or manage symptoms.
- **Complex Network Theory:**
  Analyze how PTSD symptom dynamics can be represented as complex networks,"
How does PTSD maintain itself long after the traum,clinical psychology,dynamical systems,token_level,2.0,0.1662980318078488,0.3912894866067031,0.17580294609069824,0.425,STRUCTURAL_REVELATION,GENUINE_INSIGHT,True,True,"To analyze the long-term maintenance of Posttraumatic Stress Disorder (PTSD) using concepts from dynamical systems, we can establish a mapping from psychological concepts to dynamical systems concepts, identifying formal isomorphisms and tools that transfer entire problem-solving frameworks.

### Psychological Dynamics as Dynamical Systems

**1. State Space Representation**
- In dynamical systems theory, a system's behavior can be represented as a state vector \(\mathbf{X}(t)\) at time \(t\). In psychology, consider a patient's mental state \(\mathbf{X}(t)\) at different stages (before, during, after, and post-trauma) as the system evolves.
  
- For PTSD, we can represent different mental states such as ""unaffected"", ""hypervigilant"", ""retraumatized"", ""desensitized"", etc., and model them as vectors \(\mathbf{X}_0(t), \mathbf{X}_1(t), \mathbf{X}_2(t), \mathbf{X}_3(t), \ldots\) depending on the stages.

### Transition Rules as Equations
**2. Transition Equations**
- Dynamical systems often describe how states transition based on rules (differential equations). Similarly, we can derive differential equations or recurrence relations to capture transitions in a patient's state.
  
- For PTSD, we could write differential equations to represent transitions like:
  - \(\frac{d\mathbf{X}}{dt} = F(\mathbf{X}(t)) + G(\mathbf{X}(t-\tau))\) where \(F(\cdot)\) and \(G(\cdot)\) describe immediate and delayed responses.

**3. Coupled Variables and Interactions**
- In dynamical systems, coupled variables are elements that interact with each other, leading to complex patterns of behavior. For PTSD, multiple psychological and physiological states might be coupled. 
- For instance, cognitive, affective, and physiological states might be modeled as interacting components of \(\mathbf{X}(t)\), influenced by feedback mechanisms.
  
**4. Basins of Attraction and Steady States**
- Dynamical systems often study steady states, basins of attraction, and long-term behavior. These can help us understand stable conditions versus cyclical or erratic behaviors in PTSD.

**5. Perturbation Analysis and Saddle Points**
- In dynamical systems, perturbation analysis helps in understanding the effects of external changes. This could help us analyze the impacts of various treatment approaches.
- Saddle points in the phase space might indicate complex and potentially resistant behaviors (like a PTSD ""stuck state"" where recovery efforts meet with resistance).

### Organizing Principles and Transfer of Problem-Solving Frameworks

- **Control Theory and Intervention Analysis** - Concepts such as Lyapunov stability and bifurcation theory, used to design therapies that alter the patient’s state in"
